"","rbd","cluster","Avg. SIMCE Lang","Avg. SIMCE Math","Public","SEP status","% Priority Students","Diff D1 GPA","Diff D2 GPA","Diff D9 GPA","Diff D10 GPA"
"1","10010",1,255,241,1,1,0.601852,0.123078312210803,0.290231696748015,0.0340433339717638,0.0937325152604364
"2","10028",1,263,238,0,1,0.461165,0.134414052818601,0.0425321842315493,0.085662843003336,0.117280358435306
"3","10041",1,247,236,0,1,0.592437,-0.283392549449336,0.248078124267551,-0.004234247245539,0.00255990789884142
"4","10042",1,280,286,0,1,0.288703,-0.153149655068353,0.0416711868801141,0.0364941551368574,0.0445289333943193
"5","10063",1,272,265,0,1,0.505814,0.147496105019762,0.179975240009136,0.0102500800601851,0.0336004072918665
"6","10086",1,239,218,1,1,0.606178,-0.0875603621386655,-0.134249398004332,0.0694470971459112,-0.0378116712652068
"7","10090",2,261,281,1,1,0.66167,-0.511023019096295,-0.494273324260354,0.000400284993008038,0.0365379121751106
"8","10102",1,238,243,1,1,0.647668,0.171701231421912,-0.086179006553224,0.0618971142895086,0.0987831115296017
"9","10103",1,274,281,1,1,0.565465,-0.179728936093059,-0.102363748950498,0.0367833734474762,0.0496190089599968
"10","10108",1,262,222,1,1,0.632035,-0.179234253913143,-0.104762478005167,0.104087822663625,0.108506415782049
"11","10114",2,218,241,1,1,0.650602,-0.0948111252508032,-0.0557029177613246,0.0232788401117459,0.015709287539703
"12","10117",1,224,226,1,1,0.744493,0.0867623761586098,0.133453541287404,0.205311544831714,0.116007031225283
"13","10119",1,247,243,1,1,0.653179,-0.272236119037498,0.0902994454639657,0.0505404500209419,0.03058122803118
"14","10122",1,208,210,1,1,0.787013,-0.336956916839405,0.09886622671431,0.0897601805998267,-0.119209229159278
"15","10140",2,272,265,0,1,0.339552,-0.2275808791957,-0.163516354124893,-0.193162782394024,0.116179528113936
"16","10142",2,235,229,0,1,0.512953,-0.315608570882592,-0.450034089661836,0.0258081593645942,0.021423896034766
"17","10160",1,280,284,0,1,0.462036,-0.0298107658607967,0.0506493359496654,0.0153433345480259,0.0209085849861745
"18","10162",1,252,268,0,1,0.522023,0.150727837362974,0.0812222205006925,0.0402517037976913,0.0394261270367037
"19","10186",1,234,239,0,1,0.633663,-0.0015162566865059,0.0852129632944242,0.0117373132894151,0.0334126772232775
"20","10197",2,257,238,1,1,0.641921,-0.0865303104761346,0.100815504452427,0.0417206454739981,0.0408326595724735
"21","10199",1,247,227,1,1,0.351548,-0.0354902968723888,0.05979371046694,-0.128072714177217,-0.0508326114742861
"22","10219",1,231,225,0,1,0.696,0.0392461016894793,0.0116039450873954,0.159304377577015,0.0179480331662505
"23","10224",1,279,284,0,1,0.31746,0.0948548569030271,0.0497955936016786,0.0651709956230396,0.0368707379461064
"24","10241",2,236,236,1,1,0.59633,-0.0504235101734188,-0.246656579638681,-0.117202856686796,0.125787423365671
"25","10257",2,235,233,1,1,0.597052,0.0723693721695294,-0.623906853341482,0.0534736507707674,0.0167465761031258
"26","10267",1,231,214,1,1,0.717391,0.356296965550051,-0.162853027806389,0.272552212713574,0.166861057234496
"27","10268",1,264,249,1,1,0.635015,0.304262975431091,0.0355836715113793,0.0314958534512813,0.0879346657095282
"28","10277",1,243,236,1,1,0.670782,0.271950572958517,-0.131160727614772,0.139399589310688,-0.103862560437407
"29","10282",2,253,245,1,1,0.514644,-0.514665394640294,-0.418960852622143,-0.356645017966613,0.0510221477347853
"30","10332",1,264,269,0,1,0.412863,0.109942719467631,-0.0193605207663616,0.0465638055951306,0.0124088172995206
"31","10348",1,280,267,0,0,0.230548,-0.0241375993200924,-0.102303058742816,0.0122769199955013,0.0215886063735292
"32","10351",1,247,245,0,1,0.332203,0.105417993006978,0.102465693421986,0.0412840063352073,0.0261520685942999
"33","10365",1,271,272,0,1,0.465465,-0.154172800402493,0.133119397330454,0.0430870078553027,0.0335735115815941
"34","10376",1,248,264,0,1,0.511364,0.0960640831668881,-0.23520666370153,0.00186183583087818,0.00281514485883161
"35","10407",1,255,255,1,1,0.592251,-0.0300054551855164,0.011986488747734,0.0624728078054809,0.0356868090079253
"36","10411",1,275,266,1,1,0.51145,0.0974948895919523,-0.158771566905578,0.0237108549133427,0.0286998287604671
"37","10412",1,284,269,1,1,0.543147,0.0902398120452897,0.105572366220729,0.229176482077194,0.10623106792415
"38","10429",2,257,244,1,1,0.72043,-0.63036847189309,0.06878604437083,-0.00167981055339661,0.0198785045789638
"39","10430",1,247,271,0,1,0.590909,-0.032963018243509,0.154859078628534,0.0561042224121711,0.0838020543487773
"40","10450",1,264,262,1,1,0.511008,-0.0169576751761591,0.0390299329188792,0.06913391235554,0.0380625958472797
"41","10455",1,244,248,1,1,0.693642,0.0645746129538092,0.0481596059406475,0.0727100220829132,0.0802521239956058
"42","10474",1,266,265,1,1,0.405086,0.0262257004303472,-0.113627116311763,0.033836419878953,0.0383593872306738
"43","10475",1,262,264,1,1,0.380682,0.0892207920210616,0.0900663963338068,0.0549095932980693,-0.0909051782248512
"44","10478",1,273,267,0,0,0.291353,0.0516646765285649,-0.0476001445301933,0.0343639158314847,0.066381840334921
"45","10482",2,252,239,0,1,0.591304,-0.679018781862574,-0.1029880047185,-0.266168974530052,0.00851354631361501
"46","10489",1,267,267,0,1,0.426731,0.0335520075710065,0.116243342867341,0.00782375153009496,0.0111014570974307
"47","10500",1,262,256,0,1,0.524845,0.111823410509108,-0.156051972351322,0.105969725043273,0.0522380490654565
"48","10503",1,277,294,0,1,0.212349,0.0904369668507113,0.0949154314071609,0.0174610700044091,0.044715779635941
"49","10506",1,229,228,0,1,0.498525,0.0342957133113473,0.088301285359059,0.0537350910027035,0.078246100825233
"50","10529",2,230,216,1,1,0.664474,-0.345356992433308,-0.903120948002884,-0.00349446277463317,0.120946022537993
"51","10530",2,268,249,1,1,0.59434,0.266260046214716,0.180625033584382,-0.976069871329094,0.0332849782456744
"52","10553",1,217,223,1,1,0.54059,0.0493963887505856,-0.101150621661678,0.0678935854586052,0.0737921465639958
"53","10555",2,225,244,1,1,0.629214,0.0800331684834046,-0.725560255158531,0.0739051585014339,0.0330322742947333
"54","10557",1,248,243,1,1,0.613889,-0.113706260255349,-0.0453146781846627,0.0620829092966116,-0.141498652321895
"55","10563",2,259,250,1,1,0.566265,-0.0723905783498259,-0.312310611571911,0.0905989867129113,0.0297430984091264
"56","10571",1,219,214,1,1,0.622396,0.322659237337431,0.224718551330332,-0.177807898224568,-0.00809094103599639
"57","10580",1,267,257,1,1,0.542274,0.0930728726684643,-0.116536291042543,0.0129053183932406,0.0588812825117986
"58","10611",1,293,296,0,0,0.06574,-0.0431759612189936,-0.0354717432233514,0.0285304933673538,0.048820146405447
"59","10628",1,292,291,0,0,0.475,0.10084989929244,0.237425446180283,0.0358741994702714,0.0855512208902255
"60","10643",1,237,224,1,1,0.613718,0.0654229532762578,0.127652523555669,0.0453600836235719,0.106864217252213
"61","10645",1,243,228,1,1,0.667519,0.111013222406329,0.0308113000763119,0.0209759206103499,0.0166548370773875
"62","10658",1,260,258,0,1,0.417214,0.0715161189738195,-0.00713162448537352,-0.0264790118437481,0.0492685929048501
"63","10662",2,305,306,0,0,0.269784,-0.0135648340109582,0.0254924930511604,0.0493824239023785,0.0757016220233617
"64","10673",1,249,226,1,1,0.598266,0.0716242284648059,0.106593000018607,0.0362393266037431,0.0344444796472425
"65","10688",2,277,261,1,1,0.662757,-0.550315889271135,-0.27448562685637,0.0653853951450225,0.0206290343917447
"66","10692",1,284,280,0,1,0.448276,0.0600251006049505,0.0500902015267153,0.04921618529077,0.0732437401233803
"67","10696",2,257,251,1,1,0.479624,-0.372232567661583,-0.0556031540708979,0.0657964932628626,0.139893266027068
"68","10699",1,268,283,1,1,0.568942,0.0617622338839624,0.013225816756443,-0.030750692506196,-0.0417051032497793
"69","10710",1,283,277,0,1,0.189781,-0.0837571669738443,0.0397912610540999,0.0425227898006793,0.0561258351499072
"70","10734",1,261,259,0,1,0.396259,0.0496624116822119,-0.075812941058738,0.0182635380824024,0.0378923870566515
"71","10735",1,204,210,1,1,0.792,-0.549719381421039,0.461062530600289,0.0935068932472027,0.112588306321652
"72","10741",1,252,226,1,1,0.702128,-0.356731724627467,0.199415547546265,0.0441106414627028,0.0581708779790777
"73","10752",1,226,240,1,1,0.55814,-0.0389308700044171,-0.00897713638149078,0.016701404149054,0.11407648430301
"74","10753",1,256,246,1,1,0.666667,0.0760262600838941,0.0127991031824622,0.0160330473274054,-0.309874541251197
"75","10758",1,232,227,1,1,0.625683,0.00348005729845791,0.175091649067124,0.0674096571079322,0.0750103861550293
"76","10760",1,255,224,1,1,0.603053,0.0628569908269611,0.148332380467241,0.118815442261272,0.0381387965230845
"77","10771",1,284,270,0,1,0.190045,-0.311898299969727,0.070189074287428,0.0662777998884646,0.0150132851466673
"78","10784",2,209,226,1,1,0.743455,-0.929270341222654,0.0961838317852883,0.014956341081387,0.0668417574791267
"79","10785",1,255,263,1,1,0.6,0.297201776045205,0.0296406905774512,0.0426313461269126,-0.0132827044918098
"80","10789",2,225,223,1,1,0.796296,-0.166141885079889,-0.232878419900004,0.0529263774860895,0.0596717942417171
"81","10797",1,252,256,1,1,0.633094,0.0671296494745167,0.111810863755358,0.0608904341785246,0.0665448237305818
"82","10818",1,243,249,1,1,0.708661,0.11215418988555,0.17692593630418,0.122443482005021,0.0131763514515304
"83","10839",2,253,247,1,1,0.646154,-0.378142416264365,0.0454248536738899,0.0120540777651639,0.0000243955417584818
"84","10846",2,269,252,1,1,0.671429,-0.404641206735737,-0.293455332280395,-0.0180833009082895,0.0663339910094254
"85","10851",1,284,251,0,0,0.396947,0.0417714918116433,0.0836101506512279,0.0510268572320129,0.0757874927428529
"86","10861",1,315,298,1,1,0.743243,-0.165002129431041,-0.0352107959460318,0.383556109795162,0.432518340192671
"87","10879",1,271,268,1,1,0.689655,0.00682538591077275,0.52747501813609,0.0327936933769595,0.0239712021200109
"88","11792",1,250,235,0,1,0.592727,-0.00927903623996151,0.0848513335076518,-0.0736870003384679,0.0228534234158493
"89","11805",1,245,234,0,1,0.639344,-0.155946373284458,0.0672947885184205,0.0841642806485901,0.00562038310853441
"90","11812",1,276,280,0,1,0.426647,-0.00274936314889751,0.0936194305743361,0.0945383637955198,0.0522458420881002
"91","11837",1,254,248,0,1,0.735849,0.47694174233762,0.251857124199378,0.0898934753203663,0.0464311141721132
"92","11851",1,259,239,0,0,0.376744,0.0818983465350434,0.0244744478642746,0.0487575008477082,0.0484621510410372
"93","11854",1,247,239,0,1,0.469697,0.0784846784988359,0.0669671705050803,0.0600912490497681,0.0819022799195422
"94","11914",2,253,235,0,1,0.668085,-0.284167048003447,-0.13891194095805,0.0193730643206055,0.0273010267575562
"95","11949",1,276,263,0,0,0.281633,0.0295063653068541,0.193382619383773,0.050078508581306,0.112600747500969
"96","11952",1,251,229,0,1,0.663004,-0.251920719038745,0.126169235409457,0.0336057260047223,0.0727577423253261
"97","12076",2,250,238,0,1,0.674797,-0.189408895633885,-0.0518383026682898,-0.107246451606822,0.0842095799224118
"98","12111",1,265,260,0,1,0.446746,-0.0578179648935562,0.138401335418119,0.0416334640467853,0.0224524362227643
"99","12115",1,246,247,0,1,0.586207,0.100223667710987,0.136486447358094,0.0222779261338257,0.0184268164117587
"100","12130",2,288,265,0,1,0.391534,-0.653710664946507,0.0532556373706435,0.0584678601264857,-0.410873140117823
"101","12244",1,268,256,0,1,0.287946,-0.0604873144472408,-0.0442071560665047,0.0278466125194641,0.103221131072329
"102","12775",2,234,228,0,1,0.477987,-0.32046821557283,-0.183274553310407,0.0314767953647782,0.0511051756469515
"103","16958",1,248,223,1,1,0.507752,-0.11308592363406,0.0679667556248338,0.021637891171514,-0.234330047836377
"104","20298",1,263,282,0,1,0.494152,-0.0671643907386332,-0.0557077648015767,0.0372337138898141,0.0334986442568959
"105","20426",1,221,231,0,1,0.763359,0.209174041248015,-0.246961502556508,0.0931025205339161,0.0213021383739916
"106","24405",2,234,215,0,1,0.38125,0.0835751106029222,-0.416519455505872,0.0667063779934074,0.0733017340361567
"107","24412",1,233,237,1,1,0.667513,0.0329946727907153,0.240908753657989,0.0260628826075873,0.0295292949220733
"108","24419",2,274,269,0,1,0.360784,-0.196488522429176,-0.196169745292814,-0.0233744902517306,-0.0631383481362333
"109","24423",1,282,290,0,1,0.295707,0.077917470191207,0.0341575741794053,0.0265808576884827,0.038652902781611
"110","24438",1,268,277,0,0,0.278351,0.083802087159362,-0.0810665844202706,-0.079863797108197,0.065522231345218
"111","24486",1,293,287,0,1,0.27907,0.0353293895248511,0.254375896659873,0.079214866070063,0.0115053561151498
"112","24489",1,228,221,0,1,0.61194,0.0461440684321034,0.0501936026920786,0.0618713419015301,0.0362945518717113
"113","24721",2,306,319,1,1,0.225397,-0.151451070332558,0.0516407949704811,0.0794416771480511,0.048088270232745
"114","24759",1,276,268,0,1,0.507634,0.0228482050441936,0.0619268280540511,0.0148587024808982,0.0511507771985584
"115","24790",2,239,231,0,1,0.331731,-0.148241930378591,-0.180338608160533,0.0109144698959692,0.0620905611082107
"116","24800",1,275,257,0,0,0.128755,0.0373871267222271,0.113739987453321,0.0547069916718395,-0.0120365392694894
"117","24854",1,260,267,0,1,0.464876,-0.111447980698443,0.07323658256435,0.0438953891407057,0.0267653308233575
"118","24878",2,312,339,0,1,0.508392,-0.157376872903527,-0.072934567655334,-0.0453295446305658,0.0450309677417894
"119","24889",1,233,231,1,1,0.650957,0.0898124742460492,0.194928619957833,-0.0786946648792307,0.130447647077297
"120","24892",1,226,224,0,1,0.61435,0.151837738037055,0.186083376103368,0.0385323652409116,0.0629233020655751
"121","24894",1,288,294,0,0,0.273885,0.0264161622716883,-0.17603886568156,0.0692854436426703,0.0433409847717672
"122","24898",2,276,289,0,1,0.273148,0.044613405053096,-0.290081299343064,-0.231419177356506,0.101798113396651
"123","24946",1,275,272,0,1,0.611529,-0.0515566113934376,0.0169712251281654,0.00177698360170098,0.0159123835135018
"124","24954",1,257,256,0,1,0.40836,0.227879581761218,0.187469816228312,0.00528441094104282,0.0813577457921281
"125","24963",2,239,242,0,1,0.728774,-0.159891609786361,-0.0812171369978011,-0.00597585915906329,0.021144820310526
"126","24966",1,262,256,0,1,0.392226,0.185806609784619,-0.12350415245924,0.0781202291888758,-0.212821539287879
"127","24972",1,281,269,0,1,0.453374,0.0792495899959066,0.0967160113733304,0.00700750761666702,0.0543059434331566
"128","24995",1,275,246,0,0,0.389121,0.118897599591945,-0.111387418481862,0.0630278963517853,0.101942898821226
"129","24999",2,210,225,1,1,0.596882,-0.322892129723319,-0.0493969102069972,0.0450072195208392,0.0694394058669454
"130","25017",1,289,278,0,1,0.314894,0.0436857592901531,0.100214939870362,-0.0019771838060767,0.013708982963524
"131","25025",1,254,261,0,1,0.234834,0.106906529642367,-0.0407402206422386,0.0415412032088811,0.0905698753515748
"132","25042",1,272,276,1,1,0.321477,-0.142140210375947,0.00661950882926821,0.0110265828494615,-0.0684375255926722
"133","25078",1,226,215,1,1,0.810761,0.271542291051298,-0.0786934761810668,0.0676311078909683,-0.106480778005589
"134","25089",1,215,226,1,1,0.77154,-0.273761780388379,-0.171608841009637,0.147339485747801,0.0595340649509009
"135","25091",1,281,267,0,0,0.237787,0.0561798155157481,0.0526077855030702,0.0659114558910753,0.0574398712731797
"136","25162",2,231,244,0,1,0.75945,-0.269429345899537,-0.663959065197534,0.0385850372481654,0.0087478689726147
"137","25185",1,281,282,0,1,0.345324,0.0768677140938546,0.0446998465972226,0.0569294598042468,0.0488696011485455
"138","25197",1,283,276,0,0,0.158996,0.093878015581608,0.0252883955131057,0.00467445912560505,0.0000802872845884206
"139","25238",1,289,282,0,0,0.226744,0.0669265761395241,-0.0684842367103426,0.0207714266718632,0.0259784929945034
"140","25282",1,288,283,0,1,0.314969,-0.000453669773872289,0.0778404064704945,0.0405324030809494,-0.0515001864092399
"141","25288",2,263,247,0,1,0.527508,-0.173411501111802,0.0167203623294987,0.0573230407405284,-0.00212820924516288
"142","25304",1,230,225,0,1,0.512111,0.00454642949174566,0.0557863030910987,0.025704075003394,0.0264942258798408
"143","25314",1,256,236,1,1,0.4631,-0.0732767481356859,-0.00986668049566208,0.0446808824548551,0.0432514327923059
"144","25349",1,268,258,0,0,0.118447,-0.0461887318761647,0.0865019800796341,0.0482529546989315,0.0145717214656693
"145","25365",2,226,241,0,1,0.702811,-0.254050405761208,-0.204807307274053,0.0210045038121589,-0.00196663518927531
"146","25371",1,276,276,0,1,0.528424,0.088133934186976,0.0738150174200577,-0.0692456318781559,0.000575789264458559
"147","25382",1,287,275,0,1,0.462069,0.295256430132915,0.0377836035155954,0.0194485188128418,0.0187457667061921
"148","25390",1,237,218,0,1,0.712707,-0.00920477697987732,0.464005215003006,0.0600034215393157,0.0820224564063096
"149","25439",1,285,293,0,0,0.263204,0.0994020719651588,0.0316451122773012,0.0401933928814756,0.0405290971687293
"150","25442",1,273,285,0,0,0.240876,-0.187364890558567,0.0634089432263422,0.0481066245873201,0.0643279924007494
"151","25481",1,266,261,0,0,0.095149,0.00997180306411194,-0.104334704084307,0.0404038819848165,0.0304758798697935
"152","25482",1,275,276,0,0,0.119355,-0.0527122289408445,-0.0523625680660835,0.0142029740265047,0.0506464933405046
"153","25492",1,316,297,0,0,0.148649,0.0465079791778171,0.031624544441734,0.0589113087218509,0.00190221654131362
"154","25501",1,282,282,0,0,0.170524,0.0331843706558466,0.0467892006505339,-0.0137235122705912,-0.0128656630258563
"155","25508",1,295,292,0,0,0.114823,0.0529974768690686,0.0218623363099167,0.0152082877515284,0.0624085357998405
"156","25599",1,242,233,0,1,0.374239,0.022102487934212,-0.06812433016588,-0.0125843733523049,-0.0328596617019533
"157","25624",1,237,242,0,1,0.546392,0.0778377351119547,0.0967004920491265,0.107373714112869,0.0253659272076592
"158","25625",1,293,274,0,0,0.07027,0.042149014687335,0.0247367757127109,0.0296513918552166,0.00675563603297746
"159","25700",2,290,283,0,0,0.056985,-0.216315511247632,-0.0553178135496469,-0.0627382773510277,-0.107285170585437
"160","25727",1,274,288,0,0,0.127174,0.107883934602032,-0.0113451389405923,0.060446027805792,0.0294947049181402
"161","25788",1,267,255,1,1,0.434851,-0.0052200572197274,0.0297663040074164,0.0314361156889233,-0.0466772905427459
"162","25797",1,233,232,1,1,0.572072,-0.0954670788751086,0.0646870203773359,0.0767208518974652,0.105732620496322
"163","25829",1,274,274,0,1,0.110754,-0.0395084604793592,0.0246127171817292,-0.113718059209377,0.0335372412038212
"164","25851",1,292,284,0,1,0.321555,0.126827402007522,0.254911001806812,0.0189746113691301,0.131934580599141
"165","25865",1,219,218,0,1,0.397802,-0.00997679785896299,0.0682901925618852,0.0716372783618269,0.020560077779192
"166","25894",1,286,265,0,1,0.241706,0.0738973931121841,0.0907363046541818,0.119883678670127,0.141119158638916
"167","25929",1,257,270,0,1,0.545605,0.104897937338888,-0.0163977175036647,0.092617758140073,0.0149164983459935
"168","25936",1,256,241,0,1,0.562376,0.124340536484232,-0.0798613224337014,0.0516493370129678,0.0276414333124633
"169","25976",1,263,258,0,1,0.567164,0.128050991344323,0.055731253120299,0.0508416985865003,0.0386148984855701
"170","26001",1,304,303,0,0,0.0629,0.0673086925198689,0.0850304684417917,-0.0642582481593234,0.0444654419414505
"171","26028",1,282,273,0,0,0.144796,-0.0440994556144398,-0.0847389323202733,0.115771561114176,0.0400007549286487
"172","26037",1,237,254,1,1,0.608247,0.160640435167722,0.136365794846637,-0.119195272124135,0.0387377623691159
"173","26044",1,239,247,0,1,0.604895,0.0763147843701715,-0.194279359339721,0.0803911683073123,-0.00630626086197594
"174","26115",1,272,250,0,0,0.244161,-0.033110720042371,0.0657810902786092,0.0696673973169848,0.0242534146599763
"175","26117",1,264,264,0,1,0.545171,-0.0142553722310738,0.0028158708963556,-0.00547239494188134,-0.0574475871963999
"176","26130",1,269,254,0,1,0.464,0.00218304083493881,-0.125758181778907,0.0813323012783521,0.0221499081693259
"177","26235",1,223,222,0,1,0.720833,0.0990724537645231,0.0648116040799831,0.0685072312483646,0.0562188128473673
"178","26268",2,291,286,0,0,0.039216,0.0720707731819449,-0.0880944257308425,0.00648459473695695,-0.301006150283546
"179","26271",2,275,273,0,1,0.56,-0.937319561889885,-0.622017254909215,0.0981172117621472,0.0382197543210439
"180","26278",1,260,258,0,1,0.455224,0.026188987914973,0.0654313018248794,0.110506958177233,0.0226708268191884
"181","26293",1,253,230,0,1,0.524476,0.0154566756305814,0.0946053760331729,0.00660743364110383,0.0758906721188521
"182","26324",2,302,285,0,1,0.517699,-0.17623606959921,0.0282067658003388,0.00421878249042251,-0.319819983559846
"183","26341",1,283,279,0,1,0.65678,-0.186618727932497,0.0560870520172269,0.0826149344742733,0.0447237390150428
"184","26352",1,285,306,0,1,0.439815,0.0763400096750351,0.0262110672276687,0.105043840137872,-0.000936321444610089
"185","26365",1,281,283,0,1,0.449948,-0.0460617873756138,-0.05869829635651,0.0400826909906599,0.0288531795739432
"186","26368",2,266,243,0,1,0.31875,0.0915600596645543,-0.696484047419599,-0.163812429705268,-0.195071717036413
"187","26392",1,263,270,0,0,0.246032,-0.115719407650173,-0.22278489372172,0.0177593415569804,0.0424211292727819
"188","26424",1,300,285,0,1,0.205224,-0.0164808243539794,0.0683633054653766,0.0188415821623766,0.0363926002396237
"189","26454",1,272,265,0,0,0.252647,-0.0329267775849378,0.119306427931804,0.0665820692758238,0.0723518542373387
"190","26532",2,232,229,0,1,0.715481,-0.152236084905694,-0.00245176922058721,0,-0.000345012079427942
"191","31081",1,271,258,0,1,0.537931,0.08741538841878,0.0294200382582841,0.0144907985355505,0.000696154475263722
"192","31161",1,263,266,0,1,0.511811,0.0871712828221207,-0.0165994150769843,0.0529711460472813,0.0399372781885887
"193","31190",1,238,216,0,1,0.475921,0.0438877311363107,0.069457931467083,-0.183485655023026,0.0555781340623189
"194","31260",1,256,248,0,1,0.459701,0.106671961603726,0.0709882584764492,0.0399120156780052,-0.0792145215859741
"195","31327",1,310,311,0,0,0.099208,0.0233199131939037,0.0529151400321352,0.0335497886440294,0.0516302057145192
"196","31421",1,286,280,0,0,0.361022,-0.121978009959953,0.0662525141222569,0.0607126426775919,0.0536708670652859
"197","31500",1,253,265,0,1,0.460317,-0.128939876561852,0.0543004316742317,0.00650408965641147,0.0168067822029012
"198","8535",1,261,261,1,1,0.327526,0.143847437842279,0.120887087462015,0.070959435604124,0.0649929981197459
"199","8544",1,254,250,1,1,0.322379,0.190208460610406,0.137266212147988,0.04610615954368,0.0481920520148879
"200","8558",1,231,235,1,1,0.469649,0.0947204937733739,0.135431150796103,0.118723772740723,0.194732272244775
"201","8572",1,252,230,1,1,0.310954,-0.165785140612779,-0.113295847618757,0.00821574738778064,0.0427200517182738
"202","8579",2,228,227,1,1,0.330189,-0.350938745345631,-0.190963196785396,0.0373513469452348,0.0225495964291605
"203","8581",1,258,255,1,1,0.471311,0.157278158683349,0.045978597118242,0.054070933519542,0.0557437774866353
"204","8604",2,307,286,0,1,0.075377,0.105934396294274,-0.0730115148693151,0.0655323964811075,-0.0808257405666263
"205","8627",1,295,272,0,0,0.172699,-0.132189390320314,0.0589904378592456,0.0582801325232903,0.0393782002227738
"206","8629",1,265,255,0,1,0.373353,0.166059881580211,0.146780768924047,0.0410067745591185,0.0656913659320699
"207","8649",1,283,262,0,1,0.302839,0.0559680263473028,0.0748840213576214,0.0433040974033803,0.0121445844219008
"208","8658",1,283,275,0,1,0.322767,0.0111118718370127,0.0381399993198125,-0.00844763856760433,0.0209318552690051
"209","8665",1,255,233,0,1,0.483986,-0.166967562826805,0.0600784080016439,0.0107542964579845,0.0424358404909394
"210","8671",1,273,270,0,1,0.378738,0.0699537413758154,0.0625630288495328,-0.00326371021259053,0.0157457275134917
"211","8680",2,307,275,0,1,0.271429,-0.146463119119307,-0.275917856848152,-0.00379525215605914,0.00473392282327356
"212","8685",1,247,253,0,1,0.688889,0.0770993402608886,-0.0665002167738243,0.0428086243825312,0.0719313530849783
"213","8690",1,253,232,0,1,0.515483,-0.03242679680253,0.0337907009970236,0.0503018811984667,-0.117479502332211
"214","8703",2,249,256,0,1,0.373887,-0.299644474888834,-0.234057654817997,-0.16795437075162,-0.0317037147790404
"215","8715",1,263,239,0,1,0.449393,0.0563011967925418,0.122903867407441,0.0721111357113069,0.00996356073306193
"216","8756",1,280,264,0,0,0.180723,-0.0662835042061408,0.0803107399788182,0.0454976732059845,0.0318222077370325
"217","8780",2,243,230,0,1,0.24127,-0.631155065089968,-0.618552038502935,-0.0993151336808297,0.083569378614212
"218","8818",2,284,295,0,0,0.206148,-0.184782556273101,-0.22138104669488,0.0618278151264859,0.0323964935651891
"219","8819",1,286,286,0,1,0.157647,0.0730054119990047,0.0392460750227948,0.0499827575075299,0.0379887647197155
"220","8846",1,294,289,0,0,0.025408,-0.0789427419468773,-0.078368666129181,0.0379965568686085,0.0163432745082543
"221","8849",1,271,278,0,1,0.212481,0.0351886222889796,0.0759383072626058,0.0333726431531203,0.0695301876354443
"222","9008",2,232,229,1,1,0.516364,0.193772032728034,-0.559969564854261,0.0883486821495139,0.0514536074200737
"223","9017",1,275,286,0,1,0.364985,0.0371404328160728,0.0890858023849299,0.0137175965007703,0.0216212038277861
"224","9033",1,279,275,0,0,0.19964,-0.0912452765678556,0.140886522043928,0.0828607631885143,0.0863179530756167
"225","9070",1,276,278,1,1,0.388753,-0.199431644966909,-0.0185147792084397,0.0870153400014795,0.0794362981520246
"226","9078",1,301,305,1,1,0.245968,0.0756171073571106,0.0636355285771328,0.0905127656774797,0.0356077376624571
"227","9085",1,228,234,1,1,0.403458,0.234147214818705,-0.0166246496209475,0.0178488928095465,0.0463327074038845
"228","9088",1,223,223,1,1,0.68533,-0.398985169906173,-0.0130217127469036,0.100169961282145,0.0560600072428821
"229","9106",1,234,223,1,1,0.66759,0.0839061506827005,0.182950336196222,0.0142690685061151,0.01614394261999
"230","9117",1,253,242,1,1,0.679834,-0.0227156809590047,-0.0897397887781484,0.0811884418451547,0.0679690009321279
"231","9122",2,229,210,1,1,0.577586,-0.255359090314487,0.0502444459023135,0.0548064125532537,-0.00367951701270086
"232","9175",1,235,237,0,1,0.740741,0.186009196223058,0.0412345280081813,0.0142000188956428,0.0796356447075417
"233","9184",1,306,280,0,1,0.162319,-0.195019115613072,0.0662388898765927,0.0239510160010133,-0.139664636363834
"234","9197",1,250,237,0,1,0.657754,-0.111719410208898,0.0310923166525503,0.0419823658942297,0.0357076612941287
"235","9200",1,232,251,0,1,0.553435,-0.105213835670392,-0.086071010673619,0.0618098035067181,0.0255107383344232
"236","9206",2,260,268,0,1,0.528217,-0.167389768791914,-0.110787359106711,0.0602724296553475,0.0496262702312616
"237","9302",1,225,223,1,1,0.588462,0.125505986585478,0.0462873632778603,0.140411077183244,0.0435772054352457
"238","9311",1,229,215,0,1,0.64977,0.250245099366813,0.0314957056322808,0.020730465441943,0.0905729348182799
"239","9317",1,295,294,0,0,0.04661,-0.0132640726561463,0.0857329421759044,0.0425046248749121,0.0336357797511013
"240","9318",1,264,283,0,1,0.428571,-0.243150933616268,0.0830747290573292,0.136522860022145,0.0400917356076396
"241","9333",1,247,237,0,1,0.631769,-0.41523855725288,0.0374091605646469,0.0413730909100348,0.0128679385147706
"242","9334",1,264,263,0,1,0.516699,-0.16008510766424,0.00526705888942569,0.0117006523776997,-0.145662967114364
"243","9335",1,257,237,0,1,0.370787,-0.130140818162692,0.0563770866843978,0.0904532361876476,0.0457968180695012
"244","9363",2,226,213,0,1,0.668033,-0.598105334576134,-0.55329636255693,0.0097506266502233,0.00300232747177032
"245","9375",1,224,218,0,1,0.666667,0.119984086847018,0.0750605440104457,0.058640288208526,0.0277935762691892
"246","9422",1,224,211,1,1,0.648485,0.0774178078492772,0.155542923859061,-0.00807204184993671,0.0333411157547273
"247","9424",1,261,245,1,1,0.564151,0.159808022240398,-0.024613692790406,0.0573171202222224,0.0141812587605845
"248","9426",2,259,262,1,1,0.410891,-0.105071591804966,0.0450685333873631,0.0464504859782746,-0.222281739436483
"249","9467",2,224,218,0,1,0.792,-0.487997382056814,0.0435837070573755,0,0
"250","9500",1,295,293,0,0,0.170833,-0.232647952450027,0.0241430299157721,0.0674635114863185,0.125314622049245
"251","9540",1,276,287,0,1,0.395522,0.10020455144826,-0.297854864247048,0.0135757613402905,0.00755248080583848
"252","9543",1,241,236,0,1,0.50505,-0.446958403428576,0.128968643967916,0.0389214165752514,0.0507630357953173
"253","9556",1,266,277,0,1,0.500924,0.042223010471317,0.0800400839027006,0.0717095421731301,-0.111854978722862
"254","9574",1,251,243,0,1,0.640468,0.0842590584095648,0.07697093737993,-0.0181114393260902,0.0153770419196717
"255","9590",2,228,231,1,1,0.782895,0.240310699010447,-0.429984838201336,0.126257611519148,0.0857344795585475
"256","9593",2,300,289,1,1,0.692308,-0.564331544866538,-0.393318946022931,-0.258996309267704,0
"257","9595",1,248,236,1,1,0.748276,0.218491577343642,-0.0971275743087073,0.0660999739995786,0.0484684461389486
"258","9604",2,244,220,1,1,0.653169,-0.0861231560393011,-0.0924953364735984,0.0333564221070084,0.033845208170542
"259","9636",1,267,264,0,1,0.693878,-0.0846468438312342,0.0615063447592574,0.0509646762491122,0.0398081516966412
"260","9655",1,278,277,0,1,0.459344,-0.010908234219913,-0.00859255261576486,0.0751745124348324,-0.0302575395317976
"261","9660",1,249,244,0,1,0.475904,0.0664880493172965,0.0782610253097574,0.0904943340696748,0.0581418720067456
"262","9664",1,231,217,0,1,0.612069,0.0900583437135449,0.219268702638302,0.00314293796600518,0.0309991606744108
"263","9695",1,220,228,1,1,0.510345,-0.0838082517102865,0.277284279601908,0.306491698287244,-0.0823498898356365
"264","9709",2,229,237,1,1,0.748201,0.157086350082517,0.259726923980786,-0.471625447248817,0.0129262611290156
"265","9714",1,269,253,1,1,0.722741,-0.0872197288901575,-0.166609801335365,0.0246518640391127,-0.000766547838682019
"266","9715",1,216,195,1,1,0.761062,-0.361703524189157,0.160008145312216,0.00166177589054395,0.050514301038199
"267","9719",1,249,263,1,1,0.740458,0.0302759347424392,0.0858432142341674,0.0327877708703744,0.00205704085726477
"268","9720",2,215,217,1,1,0.707084,-0.0314071053241838,-0.240698433766016,0.0560800776348935,0.0850302661794458
"269","9734",2,232,223,1,1,0.716418,-0.308543892465298,0.131644443639201,0.037874782416867,0.193859332081789
"270","9736",1,247,224,1,1,0.747405,-0.33210697758917,0.124717561881129,-0.211992378831313,0.065971679406018
"271","9738",1,210,232,1,1,0.701183,-0.000739912852470326,0.155507710330485,0.0854185553575399,0.0810392810716902
"272","9767",1,286,292,0,0,0.077037,-0.0319181893799937,0.0536346714324981,0.0757287256277127,0.0285447697665974
"273","9788",2,247,238,0,1,0.42439,-0.234744765708829,-0.120048211946897,0.0817616043415127,-0.0104956985775313
"274","9789",1,239,208,0,1,0.52349,0.0927485044438054,0.150037442715064,0.19461748778101,0.00583516799369876
"275","9805",1,263,267,0,1,0.439189,0.12271391628663,0.066343193917167,0.0487662016233545,0.10016968648142
"276","9808",2,242,236,0,1,0.496094,0.0254517306215419,-0.396239545301323,0.0441936996169431,0.0599900068215847
"277","9816",1,267,261,0,0,0.474359,0.0990002025845111,-0.189479340397666,0.0065778091918155,0.017995766744908
"278","9817",1,257,253,0,1,0.467354,0.0771017878533632,0.0384981338499955,0.0672062783835219,0.0234238706390772
"279","9850",1,230,211,0,1,0.743363,0.558784220356004,0.495157028682281,0.00636129437135857,-0.0000108242156433569
"280","9853",1,203,195,0,1,0.721519,-0.188219167685775,-0.00433464575540188,-0.0394013576105863,0.0956301452396858
"281","9861",1,233,241,1,1,0.613861,-0.223358795558999,0.255702010214782,0.0760564931556835,0.0398587755589923
"282","9863",2,289,247,1,1,0.421212,-0.379804449260249,-0.672590952525516,0.0604051435623573,0.212984264249206
"283","9864",1,222,236,1,1,0.588933,-0.145373973198924,0.183879460336642,-0.1719255262272,0.0580724755193848
"284","9869",2,223,219,1,1,0.763158,-0.0373430629356947,-0.267286968547784,0.0316239798759548,0.00124690871845401
"285","9870",1,280,277,1,1,0.613971,0.248192253514073,0.0893196801780693,0.0676115416481877,0.0247941980660347
"286","9879",1,247,237,1,1,0.690763,0.192060913920787,0.11425832296584,0.124229597741292,-0.241640294298367
"287","9889",1,260,244,1,1,0.618343,-0.0490317277615672,0.15427416759282,0.167014522448889,0.0378542693541328
"288","9892",1,255,249,1,1,0.371642,-0.00968746689121736,0.0491733009985851,-0.0138941557104042,0.113081894656726
"289","9901",1,245,236,0,1,0.27668,0.112305775248898,0.154867647705871,0.105691602667246,0.0372540801686974
"290","9909",1,259,252,0,1,0.444375,0.1140682735038,0.0128659064355823,0.0674048536246894,0.00237867313770534
"291","9922",1,287,291,0,1,0.164341,-0.142560481583564,0.0939093538537396,0.0839007673955852,0.0679718144926542
"292","9930",2,246,266,0,1,0.496667,-0.35462843968726,0.0691333163399138,0.155201517382672,-0.225983609736188
"293","9937",2,299,290,0,0,0.103383,-0.0353549168938763,-0.164431028628094,-0.107752174788226,0.0553671336601569
"294","9940",1,258,255,0,1,0.205637,0.0886612858903616,0.0850290829639702,0.0553026481202367,0.0280573787951284
"295","9946",1,297,293,0,1,0.201031,0.0462344614485362,0.0549810711644581,0.0133778867764514,0.0560582395494921
"296","9967",1,320,318,0,0,0.067757,0.0455782857955118,-0.247816186098829,0.0739696245334159,-0.00325856832116012
"297","9998",2,244,233,1,1,0.549123,-0.262939888815963,-0.0797309120678014,0.0325917348606909,0.00192348843089196
